 , , , , , , , ,"""",t,e,x,t,"""",:, ,"""",R,T, ,@,J,D,a,N,a,s,t,i,i,i,:, ,D,e,a,r, ,f,u,t,u,r,e, ,s,o,u,l,m,a,t,e, ,\,u,d,8,3,d,\,u,d,c,9,b, ,h,t,t,p,s,:,/,/,t,.,c,o,/,L,k,4,d,T,i,1,m,P,d,"""","
"
 , , , , , , , ,"""",t,e,x,t,"""",:, ,"""",R,T, ,@,v,h,i,n,a,l,o,v,e,d,k,:, ,H,a,p,p,y, ,2,O,t,h, ,B,i,r,t,h,d,a,y, ,m,y, ,d,e,a,r, ,K,w,e,e,n, ,K,i,s,s,e,s, ,A,n,d, ,H,a,p,p,y, ,A,n,n,i,v,e,r,s,a,r,y, ,D,o,n,K,i,s,s, ,F,a,m,.,!, ,G,o,d, ,b,l,e,s,s, ,u,s, ,@,d,o,n,n,y,p,a,n,g,i,l,i,n,a,n, ,@,K,i,s,s,e,s,D,e,l,a,v,i,n,\,u,2,0,2,6,"""","
"
 , , , , , , , ,"""",t,e,x,t,"""",:, ,"""",@,m,y,k,o,I,j,a,c,k,s,o,n, ,l,m,a,o,o,o,o, ,t,h,a,n,k, ,g,o,d,"""","
"
 , , , , , , , ,"""",t,e,x,t,"""",:, ,"""",R,T, ,@,p,e,a,c,h,l,i,m,i,t,:, ,s,t,r,o,n,g,",", ,b,e,a,u,t,i,f,u,l,",", ,k,i,n,d, ,a,n,d, ,f,u,c,k,i,n,g, ,f,a,n,c,y,",", ,i, ,l,o,v,e, ,o,u,r, ,m,i,n,a,t,o,z,a,k,i, ,s,a,n,a,\,n,\,n,#,W,e,L,o,v,e,Y,o,u,S,A,N,A, ,h,t,t,p,s,:,/,/,t,.,c,o,/,i,U,G,h,r,D,5,O,p,f,"""","
"
 , , , , , , , ,"""",t,e,x,t,"""",:, ,"""",@,l,o,v,h,a,r,m,i,s, ,S,u,p,e,r, ,.,.,.,"""","
"
 , , , , , , , ,"""",t,e,x,t,"""",:, ,"""",R,T, ,@,n,u,t,i,t,t,y,:, ,\,u,2,0,1,c,Y,o,u,\,u,2,0,1,9,r,e, ,f,u,n,n,y, ,a,f,\,u,2,0,1,d,\,n,\,u,2,0,1,c,Y,o,u,\,u,2,0,1,9,r,e, ,s,u,p,e,r, ,n,i,c,e, ,w,o,w,\,u,2,0,1,d, ,h,t,t,p,s,:,/,/,t,.,c,o,/,c,w,u,G,z,8,p,3,m,O,"""","
"
 , , , , , , , ,"""",t,e,x,t,"""",:, ,"""",B,o,n,j,o,u,r,",", ,H,e,r,o,e,s,., ,W,e,',r,e, ,g,o,i,n,g, ,o,n, ,a,i,r,., ,G,o,o,d, ,l,u,c,k,!, ,(,e,p,2,:,A,g,n,e,s,),"""","
"
 , , , , , , , ,"""",t,e,x,t,"""",:, ,"""",@,s,o,n,g,o,f,a,l,c,h,e,m,y, ,C,o,n,g,r,a,t,s,"""","
"
 , , , , , , , ,"""",t,e,x,t,"""",:, ,"""",@,G,u,r,e,p,y,o,n,A,r,t, ,C,o,o,l,"""","
"
 , , , , , , , ,"""",t,e,x,t,"""",:, ,"""",\,u,d,8,3,d,\,u,d,d,2,5,+,\,u,d,8,3,e,\,u,d,d,8,a,=,\,u,d,8,3,d,\,u,d,e,4,c,\,u,d,8,3,c,\,u,d,f,f,e, ,h,t,t,p,s,:,/,/,t,.,c,o,/,v,v,R,w,C,R,P,I,N,t,\,n,F,i,r,e,f,o,x, ,=, ,F,r,e,e, ,I,n,t,e,r,n,e,t,., ,J,o,i,n, ,t,h,e, ,f,i,r,e,f,o,x, ,u,s,e,r,s, ,a,n,d, ,s,u,p,p,o,r,t, ,f,r,e,e, ,i,n,t,e,r,n,e,t,.,\,n,R,u,s,s,i,a,n, ,u,\,u,2,0,2,6, ,h,t,t,p,s,:,/,/,t,.,c,o,/,G,p,B,7,C,C,j,U,M,O,"""","
"
